-- phpMyAdmin SQL Dump
-- version 5.0.2
-- https://www.phpmyadmin.net/
--
-- Host: 127.0.0.1:3306
-- Generation Time: Mar 17, 2021 at 06:21 PM
-- Server version: 5.7.31
-- PHP Version: 7.3.21

CREATE Database pharmacy;

use pharmacy;

SET SQL_MODE = "NO_AUTO_VALUE_ON_ZERO";
START TRANSACTION;
SET time_zone = "+00:00";


/*!40101 SET @OLD_CHARACTER_SET_CLIENT=@@CHARACTER_SET_CLIENT */;
/*!40101 SET @OLD_CHARACTER_SET_RESULTS=@@CHARACTER_SET_RESULTS */;
/*!40101 SET @OLD_COLLATION_CONNECTION=@@COLLATION_CONNECTION */;
/*!40101 SET NAMES utf8mb4 */;

--
-- Database: `pharmacy`
--

-- --------------------------------------------------------

--
-- Table structure for table `client`
--

DROP TABLE IF EXISTS `client`;
CREATE TABLE IF NOT EXISTS `client` (
  `id` int(11) NOT NULL AUTO_INCREMENT,
  `nom` varchar(25) COLLATE utf8_bin DEFAULT NULL,
  `prenom` varchar(25) COLLATE utf8_bin DEFAULT NULL,
  `denomination` varchar(50) COLLATE utf8_bin NOT NULL,
  `numTva` varchar(25) COLLATE utf8_bin NOT NULL,
  `rue` varchar(50) COLLATE utf8_bin NOT NULL,
  `numero` varchar(10) COLLATE utf8_bin NOT NULL,
  `idVille` int(11) NOT NULL,
  `telephone` varchar(15) COLLATE utf8_bin NOT NULL,
  `email` varchar(255) COLLATE utf8_bin NOT NULL,
  PRIMARY KEY (`id`),
  KEY `FK_idVille` (`idVille`)
) ENGINE=InnoDB AUTO_INCREMENT=47 DEFAULT CHARSET=utf8 COLLATE=utf8_bin;

--
-- Dumping data for table `client`
--

INSERT INTO `client` (`id`, `nom`, `prenom`, `denomination`, `numTva`, `rue`, `numero`, `idVille`, `telephone`, `email`) VALUES
(1, NULL, NULL, 'PharmacoLaustin', 'BE06126213847895', 'rue de l\'industrie', '66', 1, '003264332128', 'pharmacolaustin@gmail.com'),
(18, 'guinta', NULL, 'guintaPharma', 'BE06124589456578', 'rue Oscar marq', '17', 10, '003264347685', 'guintaPharma@gmail.com'),
(19, NULL, NULL, 'PharmaGenerica', 'BE06126222222222', 'rue de la déportation', '5', 50, '00326434467510', 'PharmaGenerica@gmail.com'),
(20, 'Mugiwara', 'Luffy', 'PiratePharma', 'BE06126213456563', 'rue des pirate', '165', 4, '003264347685', 'piratePharma@gmail.com'),
(21, 'san', 'goku', 'SayanPharma', 'BE061262134111111', 'rue des sayan', '100', 7, '003264764985', 'pierre@mil.be'),
(22, 'TestNom', 'TestPrenom', 'TestUpdate', 'BE0505050505050505', 'rue du Test', '15', 9, '0033252525', 'mymailtest@test.be'),
(23, 'TestNom', 'TestPrenom', 'HyperMegaDenomination', 'BE0505050505050505', 'rue du Test', '15', 9, '0033252525', 'mymailtest@test.be'),
(29, 'Rochez', 'Justin', 'VraimentLePlusBeau', 'BE242424', 'Caulier', '102', 531, '0499232124', 'ju0702270@gmail.com'),
(30, 'Sapin ', 'Laurent', 'LeDieuCss', 'BE242424', 'commeGerald', '69', 962, '0498565656', 'laurent.sapin@iramps.email'),
(42, 'y', 'Pierre', 'y', 'y', 'y', 'y', 1, '014598877', 'ju@mil.be'),
(43, 'j', 'j', 'j', 'j', 'j', 'j', 1, '0456987456', 'ju@mil.be');

-- --------------------------------------------------------

--
-- Table structure for table `concentration`
--

DROP TABLE IF EXISTS `concentration`;
CREATE TABLE IF NOT EXISTS `concentration` (
  `id` int(11) NOT NULL AUTO_INCREMENT,
  `symbole` varchar(10) COLLATE utf8_bin NOT NULL,
  `dose` double NOT NULL,
  PRIMARY KEY (`id`)
) ENGINE=InnoDB AUTO_INCREMENT=32 DEFAULT CHARSET=utf8 COLLATE=utf8_bin;

--
-- Dumping data for table `concentration`
--

INSERT INTO `concentration` (`id`, `symbole`, `dose`) VALUES
(1, 'g', 1),
(2, 'mg', 2000),
(3, 'mg', 36),
(4, 'mg', 100),
(5, 'cl', 5),
(6, 'cl', 10),
(7, 'ml', 100),
(22, 'mg', 777.5),
(23, 'ml', 78),
(24, 'ml', 50),
(25, 'cl', 500);

-- --------------------------------------------------------

--
-- Table structure for table `conditionnement`
--

DROP TABLE IF EXISTS `conditionnement`;
CREATE TABLE IF NOT EXISTS `conditionnement` (
  `id` int(11) NOT NULL AUTO_INCREMENT,
  `unite` int(11) NOT NULL,
  PRIMARY KEY (`id`)
) ENGINE=InnoDB AUTO_INCREMENT=26 DEFAULT CHARSET=utf8 COLLATE=utf8_bin;

--
-- Dumping data for table `conditionnement`
--

INSERT INTO `conditionnement` (`id`, `unite`) VALUES
(1, 110),
(2, 10),
(3, 14),
(4, 20),
(5, 50),
(6, 6001),
(16, 5),
(21, 6),
(25, 25);

-- --------------------------------------------------------

--
-- Table structure for table `facture`
--

DROP TABLE IF EXISTS `facture`;
CREATE TABLE IF NOT EXISTS `facture` (
  `id` int(11) NOT NULL AUTO_INCREMENT,
  `idClient` int(11) DEFAULT NULL,
  `idUtilisateur` int(11) DEFAULT NULL,
  `dateHeure` timestamp NOT NULL,
  `totalHTVA` double DEFAULT NULL,
  `idEntreprise` int(11) NOT NULL DEFAULT '1' COMMENT 'client.id = 1 is defined as Entreprise',
  PRIMARY KEY (`id`),
  KEY `FK_idClient` (`idClient`),
  KEY `FK_idUtilisateur` (`idUtilisateur`),
  KEY `FK_idEntreprise` (`idEntreprise`)
) ENGINE=InnoDB AUTO_INCREMENT=157 DEFAULT CHARSET=utf8 COLLATE=utf8_bin;

--
-- Dumping data for table `facture`
--

INSERT INTO `facture` (`id`, `idClient`, `idUtilisateur`, `dateHeure`, `totalHTVA`, `idEntreprise`) VALUES
(2, NULL, NULL, '2021-01-27 12:32:41', 1148, 1),
(60, 20, NULL, '2021-02-22 13:23:58', 242, 1),
(64, 20, 1, '2021-02-22 13:26:43', 20, 1),
(68, 18, 1, '2021-02-22 13:28:48', 369.90000000000003, 1),
(69, 18, 1, '2021-02-22 13:29:28', 60, 1),
(83, 22, NULL, '2021-02-23 12:28:49', 635.5, 1),
(95, 20, 1, '2021-03-09 10:35:59', 550, 1),
(101, 21, NULL, '2021-03-09 10:42:47', 99, 1),
(102, 22, NULL, '2021-03-09 10:50:45', 45, 1),
(104, 23, NULL, '2021-03-09 10:50:46', 99, 1),
(124, 29, 1, '2021-03-10 10:35:52', 165, 1),
(126, 30, 1, '2021-03-10 19:04:16', 9295, 1),
(139, 19, 1, '2021-03-12 07:41:13', 55, 1),
(142, 23, 1, '2021-03-15 13:40:07', 40, 1),
(143, 29, 2, '2021-03-17 10:37:17', 240, 1),
(144, 19, 56, '2021-03-17 11:04:03', 40, 1),
(145, 21, 9, '2021-03-17 13:04:38', 178, 1),
(146, 29, 9, '2021-03-17 13:05:56', 20, 1),
(147, 18, 9, '2021-03-17 13:28:44', 40, 1);

-- --------------------------------------------------------

--
-- Table structure for table `forme`
--

DROP TABLE IF EXISTS `forme`;
CREATE TABLE IF NOT EXISTS `forme` (
  `id` int(11) NOT NULL AUTO_INCREMENT,
  `libelle` varchar(50) COLLATE utf8_bin NOT NULL,
  `etat` varchar(25) COLLATE utf8_bin NOT NULL,
  PRIMARY KEY (`id`)
) ENGINE=InnoDB AUTO_INCREMENT=54 DEFAULT CHARSET=utf8 COLLATE=utf8_bin;

--
-- Dumping data for table `forme`
--

INSERT INTO `forme` (`id`, `libelle`, `etat`) VALUES
(1, 'Comprimé', 'SOLIDE'),
(2, 'Cachet', 'SOLIDE'),
(3, 'Cachet', 'SEMISOLIDE'),
(5, 'pilule', 'SOLIDE'),
(6, 'Pastille', 'SOLIDE'),
(7, 'Poudre', 'SOLIDE'),
(28, 'Syteme transdermiques', 'SOUPLE'),
(29, 'gélules', 'SOUPLE'),
(30, 'Cataplasme', 'SEMI-SOLIDE'),
(31, 'Gel', 'SEMI-SOLIDE'),
(32, 'Crème', 'SEMI-SOLIDE'),
(33, 'Acloolature', 'Liquide'),
(34, 'collyre', 'Liquide'),
(35, 'Lotion', 'Liquide'),
(36, 'élixir', 'Liquide'),
(37, 'nébuliseur', 'préssurisé'),
(48, 'gel', 'liquide'),
(50, 'pierre', 'liquide');

-- --------------------------------------------------------

--
-- Table structure for table `ligne_facture`
--

DROP TABLE IF EXISTS `ligne_facture`;
CREATE TABLE IF NOT EXISTS `ligne_facture` (
  `idFacture` int(11) NOT NULL,
  `idMedicamentConcentration` int(11) NOT NULL,
  `quantite` int(11) NOT NULL,
  `prixTotal` double NOT NULL,
  PRIMARY KEY (`idFacture`,`idMedicamentConcentration`),
  KEY `FK_idMedicamentConcentration` (`idMedicamentConcentration`),
  KEY `FK_idFacture` (`idFacture`) USING BTREE
) ENGINE=InnoDB DEFAULT CHARSET=utf8 COLLATE=utf8_bin;

--
-- Dumping data for table `ligne_facture`
--

INSERT INTO `ligne_facture` (`idFacture`, `idMedicamentConcentration`, `quantite`, `prixTotal`) VALUES
(2, 33, 35, 700),
(2, 36, 4, 68),
(60, 33, 9, 180),
(60, 44, 4, 62),
(64, 33, 0, 20),
(69, 33, 3, 60),
(83, 44, 41, 635.5),
(142, 33, 2, 40),
(143, 33, 2, 40),
(143, 166, 2, 200),
(144, 33, 2, 40),
(145, 33, 2, 40),
(146, 33, 1, 20),
(147, 33, 2, 40);

-- --------------------------------------------------------

--
-- Table structure for table `lot`
--

DROP TABLE IF EXISTS `lot`;
CREATE TABLE IF NOT EXISTS `lot` (
  `id` int(11) NOT NULL AUTO_INCREMENT,
  `dateFabrication` date NOT NULL,
  `datePeremption` date NOT NULL,
  `idMedicamentConcentration` int(11) NOT NULL,
  `quantiteActuelle` int(11) NOT NULL,
  PRIMARY KEY (`id`),
  KEY `FK-MedicamentConcentration` (`idMedicamentConcentration`)
) ENGINE=InnoDB AUTO_INCREMENT=2021031798 DEFAULT CHARSET=utf8 COLLATE=utf8_bin;

--
-- Dumping data for table `lot`
--

INSERT INTO `lot` (`id`, `dateFabrication`, `datePeremption`, `idMedicamentConcentration`, `quantiteActuelle`) VALUES
(14528, '2021-03-08', '2021-03-18', 33, 94),
(471485, '2021-03-16', '2021-06-16', 36, 46),
(544252, '2017-12-22', '2021-07-14', 44, 0),
(759065, '2018-03-09', '2023-03-12', 165, 90),
(4612966, '2021-03-12', '2023-03-12', 166, 25),
(5744375, '2021-03-13', '2023-03-13', 175, 20),
(6430736, '2021-03-12', '2023-03-12', 36, 36),
(8156374, '2021-03-13', '2023-03-13', 166, 15);

-- --------------------------------------------------------

--
-- Table structure for table `medicament`
--

DROP TABLE IF EXISTS `medicament`;
CREATE TABLE IF NOT EXISTS `medicament` (
  `id` int(11) NOT NULL AUTO_INCREMENT,
  `prescriptionRequise` tinyint(1) NOT NULL,
  `dateBrevet` date NOT NULL,
  `libelle` varchar(50) COLLATE utf8_bin NOT NULL,
  PRIMARY KEY (`id`)
) ENGINE=InnoDB AUTO_INCREMENT=25 DEFAULT CHARSET=utf8 COLLATE=utf8_bin;

--
-- Dumping data for table `medicament`
--

INSERT INTO `medicament` (`id`, `prescriptionRequise`, `dateBrevet`, `libelle`) VALUES
(2, 0, '2020-05-13', 'cyanure de vie'),
(3, 1, '2019-07-18', 'placebo'),
(4, 1, '1980-07-17', 'Queue de phoenix'),
(19, 1, '2021-03-14', 'elixir de vie'),
(20, 1, '2021-03-14', 'sensu'),
(21, 0, '2020-12-09', 'oeil de ushiwa'),
(22, 1, '2021-03-17', 'Dafalgan codeine');

-- --------------------------------------------------------

--
-- Table structure for table `medicament_concentration`
--

DROP TABLE IF EXISTS `medicament_concentration`;
CREATE TABLE IF NOT EXISTS `medicament_concentration` (
  `id` int(11) NOT NULL AUTO_INCREMENT,
  `idMedicament` int(11) NOT NULL,
  `idConcentration` int(11) NOT NULL,
  `idConditionnement` int(11) NOT NULL,
  `idForme` int(11) NOT NULL,
  `prix` double NOT NULL,
  `tva` double NOT NULL,
  PRIMARY KEY (`id`),
  KEY `FK_idConcentration` (`idConcentration`),
  KEY `FK_idConditionnement` (`idConditionnement`),
  KEY `FK_idMedicament` (`idMedicament`),
  KEY `FK_idForme` (`idForme`)
) ENGINE=InnoDB AUTO_INCREMENT=188 DEFAULT CHARSET=utf8 COLLATE=utf8_bin;

--
-- Dumping data for table `medicament_concentration`
--

INSERT INTO `medicament_concentration` (`id`, `idMedicament`, `idConcentration`, `idConditionnement`, `idForme`, `prix`, `tva`) VALUES
(33, 3, 6, 1, 1, 20, 21),
(36, 2, 7, 5, 5, 17, 21),
(44, 4, 7, 4, 37, 15.5, 12.5),
(165, 4, 2, 6, 7, 100, 21),
(166, 4, 3, 5, 28, 100, 21),
(174, 4, 1, 3, 7, 80, 21),
(175, 2, 2, 6, 37, 40, 21);

-- --------------------------------------------------------

--
-- Table structure for table `pays`
--

DROP TABLE IF EXISTS `pays`;
CREATE TABLE IF NOT EXISTS `pays` (
  `id` int(11) NOT NULL AUTO_INCREMENT,
  `libelle` varchar(50) COLLATE utf8_bin NOT NULL,
  PRIMARY KEY (`id`)
) ENGINE=InnoDB AUTO_INCREMENT=7 DEFAULT CHARSET=utf8 COLLATE=utf8_bin;

--
-- Dumping data for table `pays`
--

INSERT INTO `pays` (`id`, `libelle`) VALUES
(1, 'BELGIQUE'),
(5, 'ALLEMAGNE'),
(6, 'FRANCE');

-- --------------------------------------------------------

--
-- Table structure for table `utilisateurs`
--

DROP TABLE IF EXISTS `utilisateurs`;
CREATE TABLE IF NOT EXISTS `utilisateurs` (
  `id` int(11) NOT NULL AUTO_INCREMENT,
  `nom` varchar(50) CHARACTER SET latin1 NOT NULL,
  `prenom` varchar(50) CHARACTER SET latin1 NOT NULL,
  `login` varchar(50) COLLATE utf8_bin NOT NULL,
  `password` char(64) COLLATE utf8_bin NOT NULL,
  PRIMARY KEY (`id`),
  UNIQUE KEY `login` (`login`)
) ENGINE=InnoDB AUTO_INCREMENT=61 DEFAULT CHARSET=utf8 COLLATE=utf8_bin;

--
-- Dumping data for table `utilisateurs`
--

INSERT INTO `utilisateurs` (`id`, `nom`, `prenom`, `login`, `password`) VALUES
(1, 'rochez', 'justin', 'adminju', 'fcba8051ec9c89dfa788d2e093b54765629bc153237a2a4d26c0ae959500b4c5'),
(2, 'Sapin', 'Laurent', 'administrator', 'e3b0c44298fc1c149afbf4c8996fb92427ae41e4649b934ca495991b7852b855'),
(9, 'caillou2', '2', 'caillou', 'e3b0c44298fc1c149afbf4c8996fb92427ae41e4649b934ca495991b7852b855'),
(42, 'Pierrei', 'Pierreu', 'Pierre4', 'fcba8051ec9c89dfa788d2e093b54765629bc153237a2a4d26c0ae959500b4c5'),
(43, 'Libert', 'Gerald', 'Lepervers', '246a023c642223fd23de36646b8af24e26573010b4ca0b1c6e2c44630a744440'),
(48, 'Becquet', 'Emilien', 'ForzaSNCB', 'fcba8051ec9c89dfa788d2e093b54765629bc153237a2a4d26c0ae959500b4c5'),
(52, 'roch', 'ju', 'admin', 'fcba8051ec9c89dfa788d2e093b54765629bc153237a2a4d26c0ae959500b4c5'),
(55, 'libert', 'gerald', 'Lepervers2', 'fcba8051ec9c89dfa788d2e093b54765629bc153237a2a4d26c0ae959500b4c5'),
(56, 'Surin', 'Thomas', 'thebestinweb', '246a023c642223fd23de36646b8af24e26573010b4ca0b1c6e2c44630a744440'),
(60, 'pierreapp', 'pierre', 'adminTools', 'fcba8051ec9c89dfa788d2e093b54765629bc153237a2a4d26c0ae959500b4c5');

-- --------------------------------------------------------

--
-- Table structure for table `ville`
--

DROP TABLE IF EXISTS `ville`;
CREATE TABLE IF NOT EXISTS `ville` (
  `id` int(11) NOT NULL AUTO_INCREMENT,
  `codePostal` int(11) NOT NULL,
  `libelle` varchar(50) COLLATE utf8_bin NOT NULL,
  `idPays` int(11) NOT NULL,
  PRIMARY KEY (`id`),
  KEY `FK_idPays` (`idPays`)
) ENGINE=InnoDB AUTO_INCREMENT=1437 DEFAULT CHARSET=utf8 COLLATE=utf8_bin;

--
-- Dumping data for table `ville`
--

INSERT INTO `ville` (`id`, `codePostal`, `libelle`, `idPays`) VALUES
(1, 1000, 'Bruxelles', 1),
(2, 1020, 'Laeken (Bru.)', 1),
(3, 1120, 'Neder-over-Heembeek (Bru.)', 1),
(4, 1130, 'Haren (Bru.)', 1),
(5, 1030, 'Schaerbeek', 1),
(6, 1040, 'Etterbeek', 1),
(7, 1050, 'Ixelles', 1),
(8, 1060, 'Saint-Gilles', 1),
(9, 1070, 'Anderlecht', 1),
(10, 1080, 'Molenbeek-Saint-Jean', 1),
(11, 1081, 'Koekelberg', 1),
(12, 1082, 'Berchem-Sainte-Agathe', 1),
(13, 1083, 'Ganshoren', 1),
(14, 1090, 'Jette', 1),
(15, 1140, 'Evere', 1),
(16, 1150, 'Woluwe-Saint-Pierre', 1),
(17, 1160, 'Auderghem', 1),
(18, 1170, 'Watermael-Boitsfort', 1),
(19, 1180, 'Uccle', 1),
(20, 1190, 'Forest', 1),
(21, 1200, 'Woluwe-Saint-Lambert', 1),
(22, 1210, 'Saint-Josse-ten-Noode', 1),
(23, 1300, 'Limal', 1),
(24, 1300, 'Wavre', 1),
(25, 1301, 'Bierges', 1),
(26, 1310, 'La Hulpe', 1),
(27, 1315, 'Glimes', 1),
(28, 1315, 'Incourt', 1),
(29, 1315, 'Opprebais', 1),
(30, 1315, 'Piétrebais', 1),
(31, 1315, 'Roux-Miroir', 1),
(32, 1320, 'Beauvechain', 1),
(33, 1320, 'Hamme-Mille', 1),
(34, 1320, 'l Ecluse', 1),
(35, 1320, 'Nodebais', 1),
(36, 1320, 'Tourinnes-la-Grosse', 1),
(37, 1325, 'Bonlez', 1),
(38, 1325, 'Chaumont-Gistoux', 1),
(39, 1325, 'Corroy-le-Grand', 1),
(40, 1325, 'Dion-Valmont', 1),
(41, 1325, 'Longueville', 1),
(42, 1330, 'Rixensart', 1),
(43, 1331, 'Rosières', 1),
(44, 1332, 'Genval', 1),
(45, 1340, 'Ottignies', 1),
(46, 1340, 'Ottignies-Louvain-la-Neuve', 1),
(47, 1341, 'Céroux-Mousty', 1),
(48, 1342, 'Limelette', 1),
(49, 1348, 'Louvain-la-Neuve', 1),
(50, 1350, 'Enines', 1),
(51, 1350, 'Folx-les-Caves', 1),
(52, 1350, 'Jandrain-Jandrenouille', 1),
(53, 1350, 'Jauche', 1),
(54, 1350, 'Marilles', 1),
(55, 1350, 'Noduwez', 1),
(56, 1350, 'Orp-Jauche', 1),
(57, 1350, 'Orp-le-Grand', 1),
(58, 1357, 'Hélécine', 1),
(59, 1357, 'Linsmeau', 1),
(60, 1357, 'Neerheylissem', 1),
(61, 1357, 'Opheylissem', 1),
(62, 1360, 'Malèves-Sainte-Marie-Wastines', 1),
(63, 1360, 'Orbais', 1),
(64, 1360, 'Perwez', 1),
(65, 1360, 'Thorembais-les-Béguines', 1),
(66, 1360, 'Thorembais-Saint-Trond', 1),
(67, 1367, 'Autre-Eglise', 1),
(68, 1367, 'Bomal (Br.W.)', 1),
(69, 1367, 'Geest-Gérompont-Petit-Rosière', 1),
(70, 1367, 'Gérompont', 1),
(71, 1367, 'Grand-Rosière-Hottomont', 1),
(72, 1367, 'Huppaye', 1),
(73, 1367, 'Mont-Saint-André', 1),
(74, 1367, 'Ramillies-Offus', 1),
(75, 1370, 'Dongelberg', 1),
(76, 1370, 'Jauchelette', 1),
(77, 1370, 'Jodoigne', 1),
(78, 1370, 'Jodoigne-Souveraine', 1),
(79, 1370, 'Lathuy', 1),
(80, 1370, 'Mélin', 1),
(81, 1370, 'Piétrain', 1),
(82, 1370, 'Saint-Jean-Geest', 1),
(83, 1370, 'Saint-Remy-Geest', 1),
(84, 1370, 'Zétrud-Lumay', 1),
(85, 1380, 'Couture-Saint-Germain', 1),
(86, 1380, 'Lasne', 1),
(87, 1380, 'Lasne-Chapelle-Saint-Lambert', 1),
(88, 1380, 'Maransart', 1),
(89, 1380, 'Ohain', 1),
(90, 1380, 'Plancenoit', 1),
(91, 1390, 'Archennes', 1),
(92, 1390, 'Biez', 1),
(93, 1390, 'Bossut-Gottechain', 1),
(94, 1390, 'Grez-Doiceau', 1),
(95, 1390, 'Nethen', 1),
(96, 1400, 'Monstreux', 1),
(97, 1400, 'Nivelles', 1),
(98, 1401, 'Baulers', 1),
(99, 1402, 'Thines', 1),
(100, 1404, 'Bornival', 1),
(101, 1410, 'Waterloo', 1),
(102, 1420, 'Braine-l Alleud', 1),
(103, 1421, 'Ophain-Bois-Seigneur-Isaac', 1),
(104, 1428, 'Lillois-Witterzée', 1),
(105, 1430, 'Bierghes', 1),
(106, 1430, 'Quenast', 1),
(107, 1430, 'Rebecq', 1),
(108, 1430, 'Rebecq-Rognon', 1),
(109, 1435, 'Corbais', 1),
(110, 1435, 'Hévillers', 1),
(111, 1435, 'Mont-Saint-Guibert', 1),
(112, 1440, 'Braine-le-Château', 1),
(113, 1440, 'Wauthier-Braine', 1),
(114, 1450, 'Chastre', 1),
(115, 1450, 'Chastre-Villeroux-Blanmont', 1),
(116, 1450, 'Cortil-Noirmont', 1),
(117, 1450, 'Gentinnes', 1),
(118, 1450, 'Saint-Géry', 1),
(119, 1457, 'Nil-Saint-Vincent-Saint-Martin', 1),
(120, 1457, 'Tourinnes-Saint-Lambert', 1),
(121, 1457, 'Walhain', 1),
(122, 1457, 'Walhain-Saint-Paul', 1),
(123, 1460, 'Ittre', 1),
(124, 1460, 'Virginal-Samme', 1),
(125, 1461, 'Haut-Ittre', 1),
(126, 1470, 'Baisy-Thy', 1),
(127, 1470, 'Bousval', 1),
(128, 1470, 'Genappe', 1),
(129, 1471, 'Loupoigne', 1),
(130, 1472, 'Vieux-Genappe', 1),
(131, 1473, 'Glabais', 1),
(132, 1474, 'Ways', 1),
(133, 1476, 'Houtain-le-Val', 1),
(134, 1480, 'Clabecq', 1),
(135, 1480, 'Oisquercq', 1),
(136, 1480, 'Saintes', 1),
(137, 1480, 'Tubize', 1),
(138, 1490, 'Court-Saint-Etienne', 1),
(139, 1495, 'Marbais (Br.W.)', 1),
(140, 1495, 'Mellery', 1),
(141, 1495, 'Sart-Dames-Avelines', 1),
(142, 1495, 'Tilly', 1),
(143, 1495, 'Villers-la-Ville', 1),
(144, 1500, 'Halle', 1),
(145, 1501, 'Buizingen', 1),
(146, 1502, 'Lembeek', 1),
(147, 1540, 'Herfelingen', 1),
(148, 1540, 'Herne', 1),
(149, 1541, 'Sint-Pieters-Kapelle (Vl.Br.)', 1),
(150, 1547, 'Bever/Biévène', 1),
(151, 1560, 'Hoeilaart', 1),
(152, 1570, 'Galmaarden', 1),
(153, 1570, 'Tollembeek', 1),
(154, 1570, 'Vollezele', 1),
(155, 1600, 'Oudenaken', 1),
(156, 1600, 'Sint-Laureins-Berchem', 1),
(157, 1600, 'Sint-Pieters-Leeuw', 1),
(158, 1601, 'Ruisbroek (Vl.Br.)', 1),
(159, 1602, 'Vlezenbeek', 1),
(160, 1620, 'Drogenbos', 1),
(161, 1630, 'Linkebeek', 1),
(162, 1640, 'Sint-Genesius-Rode/Rhode-Saint-Genèse', 1),
(163, 1650, 'Beersel', 1),
(164, 1651, 'Lot', 1),
(165, 1652, 'Alsemberg', 1),
(166, 1653, 'Dworp', 1),
(167, 1654, 'Huizingen', 1),
(168, 1670, 'Bogaarden', 1),
(169, 1670, 'Heikruis', 1),
(170, 1670, 'Pepingen', 1),
(171, 1671, 'Elingen', 1),
(172, 1673, 'Beert', 1),
(173, 1674, 'Bellingen', 1),
(174, 1700, 'Dilbeek', 1),
(175, 1700, 'Sint-Martens-Bodegem', 1),
(176, 1700, 'Sint-Ulriks-Kapelle', 1),
(177, 1701, 'Itterbeek', 1),
(178, 1702, 'Groot-Bijgaarden', 1),
(179, 1703, 'Schepdaal', 1),
(180, 1730, 'Asse', 1),
(181, 1730, 'Bekkerzeel', 1),
(182, 1730, 'Kobbegem', 1),
(183, 1730, 'Mollem', 1),
(184, 1731, 'Relegem', 1),
(185, 1731, 'Zellik', 1),
(186, 1740, 'Ternat', 1),
(187, 1741, 'Wambeek', 1),
(188, 1742, 'Sint-Katherina-Lombeek', 1),
(189, 1745, 'Mazenzele', 1),
(190, 1745, 'Opwijk', 1),
(191, 1750, 'Gaasbeek', 1),
(192, 1750, 'Lennik', 1),
(193, 1750, 'Sint-Kwintens-Lennik', 1),
(194, 1750, 'Sint-Martens-Lennik', 1),
(195, 1755, 'Gooik', 1),
(196, 1755, 'Kester', 1),
(197, 1755, 'Leerbeek', 1),
(198, 1755, 'Oetingen', 1),
(199, 1760, 'Onze-Lieve-Vrouw-Lombeek', 1),
(200, 1760, 'Pamel', 1),
(201, 1760, 'Roosdaal', 1),
(202, 1760, 'Strijtem', 1),
(203, 1761, 'Borchtlombeek', 1),
(204, 1770, 'Liedekerke', 1),
(205, 1780, 'Wemmel', 1),
(206, 1785, 'Brussegem', 1),
(207, 1785, 'Hamme (Vl.Br.)', 1),
(208, 1785, 'Merchtem', 1),
(209, 1790, 'Affligem', 1),
(210, 1790, 'Essene', 1),
(211, 1790, 'Hekelgem', 1),
(212, 1790, 'Teralfene', 1),
(213, 1800, 'Peutie', 1),
(214, 1800, 'Vilvoorde', 1),
(215, 1820, 'Melsbroek', 1),
(216, 1820, 'Perk', 1),
(217, 1820, 'Steenokkerzeel', 1),
(218, 1830, 'Machelen (Vl.Br.)', 1),
(219, 1831, 'Diegem', 1),
(220, 1840, 'Londerzeel', 1),
(221, 1840, 'Malderen', 1),
(222, 1840, 'Steenhuffel', 1),
(223, 1850, 'Grimbergen', 1),
(224, 1851, 'Humbeek', 1),
(225, 1852, 'Beigem', 1),
(226, 1853, 'Strombeek-Bever', 1),
(227, 1860, 'Meise', 1),
(228, 1861, 'Wolvertem', 1),
(229, 1880, 'Kapelle-op-den-Bos', 1),
(230, 1880, 'Nieuwenrode', 1),
(231, 1880, 'Ramsdonk', 1),
(232, 1910, 'Berg (Vl.Br.)', 1),
(233, 1910, 'Buken', 1),
(234, 1910, 'Kampenhout', 1),
(235, 1910, 'Nederokkerzeel', 1),
(236, 1930, 'Nossegem', 1),
(237, 1930, 'Zaventem', 1),
(238, 1932, 'Sint-Stevens-Woluwe', 1),
(239, 1933, 'Sterrebeek', 1),
(240, 1950, 'Kraainem', 1),
(241, 1970, 'Wezembeek-Oppem', 1),
(242, 1980, 'Eppegem', 1),
(243, 1980, 'Zemst', 1),
(244, 1981, 'Hofstade (Vl.Br.)', 1),
(245, 1982, 'Elewijt', 1),
(246, 1982, 'Weerde', 1),
(247, 3000, 'Leuven', 1),
(248, 3001, 'Heverlee', 1),
(249, 3010, 'Kessel-Lo', 1),
(250, 3012, 'Wilsele', 1),
(251, 3018, 'Wijgmaal (Vl.Br.)', 1),
(252, 3020, 'Herent', 1),
(253, 3020, 'Veltem-Beisem', 1),
(254, 3020, 'Winksele', 1),
(255, 3040, 'Huldenberg', 1),
(256, 3040, 'Loonbeek', 1),
(257, 3040, 'Neerijse', 1),
(258, 3040, 'Ottenburg', 1),
(259, 3040, 'Sint-Agatha-Rode', 1),
(260, 3050, 'Oud-Heverlee', 1),
(261, 3051, 'Sint-Joris-Weert', 1),
(262, 3052, 'Blanden', 1),
(263, 3053, 'Haasrode', 1),
(264, 3054, 'Vaalbeek', 1),
(265, 3060, 'Bertem', 1),
(266, 3060, 'Korbeek-Dijle', 1),
(267, 3061, 'Leefdaal', 1),
(268, 3070, 'Kortenberg', 1),
(269, 3071, 'Erps-Kwerps', 1),
(270, 3078, 'Everberg', 1),
(271, 3078, 'Meerbeek', 1),
(272, 3080, 'Duisburg', 1),
(273, 3080, 'Tervuren', 1),
(274, 3080, 'Vossem', 1),
(275, 3090, 'Overijse', 1),
(276, 3110, 'Rotselaar', 1),
(277, 3111, 'Wezemaal', 1),
(278, 3118, 'Werchter', 1),
(279, 3120, 'Tremelo', 1),
(280, 3128, 'Baal', 1),
(281, 3130, 'Begijnendijk', 1),
(282, 3130, 'Betekom', 1),
(283, 3140, 'Keerbergen', 1),
(284, 3150, 'Haacht', 1),
(285, 3150, 'Tildonk', 1),
(286, 3150, 'Wespelaar', 1),
(287, 3190, 'Boortmeerbeek', 1),
(288, 3191, 'Hever', 1),
(289, 3200, 'Aarschot', 1),
(290, 3200, 'Gelrode', 1),
(291, 3201, 'Langdorp', 1),
(292, 3202, 'Rillaar', 1),
(293, 3210, 'Linden', 1),
(294, 3210, 'Lubbeek', 1),
(295, 3211, 'Binkom', 1),
(296, 3212, 'Pellenberg', 1),
(297, 3220, 'Holsbeek', 1),
(298, 3220, 'Kortrijk-Dutsel', 1),
(299, 3220, 'Sint-Pieters-Rode', 1),
(300, 3221, 'Nieuwrode', 1),
(301, 3270, 'Scherpenheuvel', 1),
(302, 3270, 'Scherpenheuvel-Zichem', 1),
(303, 3271, 'Averbode', 1),
(304, 3271, 'Zichem', 1),
(305, 3272, 'Messelbroek', 1),
(306, 3272, 'Testelt', 1),
(307, 3290, 'Deurne (Vl.Br.)', 1),
(308, 3290, 'Diest', 1),
(309, 3290, 'Schaffen', 1),
(310, 3290, 'Webbekom', 1),
(311, 3293, 'Kaggevinne', 1),
(312, 3294, 'Molenstede', 1),
(313, 3300, 'Bost', 1),
(314, 3300, 'Goetsenhoven', 1),
(315, 3300, 'Hakendover', 1),
(316, 3300, 'Kumtich', 1),
(317, 3300, 'Oorbeek', 1),
(318, 3300, 'Oplinter', 1),
(319, 3300, 'Sint-Margriete-Houtem (Tienen)', 1),
(320, 3300, 'Tienen', 1),
(321, 3300, 'Vissenaken', 1),
(322, 3320, 'Hoegaarden', 1),
(323, 3320, 'Meldert (Vl.Br.)', 1),
(324, 3321, 'Outgaarden', 1),
(325, 3350, 'Drieslinter', 1),
(326, 3350, 'Linter', 1),
(327, 3350, 'Melkwezer', 1),
(328, 3350, 'Neerhespen', 1),
(329, 3350, 'Neerlinter', 1),
(330, 3350, 'Orsmaal-Gussenhoven', 1),
(331, 3350, 'Overhespen', 1),
(332, 3350, 'Wommersom', 1),
(333, 3360, 'Bierbeek', 1),
(334, 3360, 'Korbeek-Lo', 1),
(335, 3360, 'Lovenjoel', 1),
(336, 3360, 'Opvelp', 1),
(337, 3370, 'Boutersem', 1),
(338, 3370, 'Kerkom', 1),
(339, 3370, 'Neervelp', 1),
(340, 3370, 'Roosbeek', 1),
(341, 3370, 'Vertrijk', 1),
(342, 3370, 'Willebringen', 1),
(343, 3380, 'Bunsbeek', 1),
(344, 3380, 'Glabbeek-Zuurbemde', 1),
(345, 3381, 'Kapellen (Vl.Br.)', 1),
(346, 3384, 'Attenrode', 1),
(347, 3390, 'Houwaart', 1),
(348, 3390, 'Sint-Joris-Winge', 1),
(349, 3390, 'Tielt (Vl.Br.)', 1),
(350, 3390, 'Tielt-Winge', 1),
(351, 3391, 'Meensel-Kiezegem', 1),
(352, 3400, 'Eliksem', 1),
(353, 3400, 'Ezemaal', 1),
(354, 3400, 'Laar', 1),
(355, 3400, 'Landen', 1),
(356, 3400, 'Neerwinden', 1),
(357, 3400, 'Overwinden', 1),
(358, 3400, 'Rumsdorp', 1),
(359, 3400, 'Wange', 1),
(360, 3401, 'Waasmont', 1),
(361, 3401, 'Walsbets', 1),
(362, 3401, 'Walshoutem', 1),
(363, 3401, 'Wezeren', 1),
(364, 3404, 'Attenhoven', 1),
(365, 3404, 'Neerlanden', 1),
(366, 3440, 'Budingen', 1),
(367, 3440, 'Dormaal', 1),
(368, 3440, 'Halle-Booienhoven', 1),
(369, 3440, 'Helen-Bos', 1),
(370, 3440, 'Zoutleeuw', 1),
(371, 3450, 'Geetbets', 1),
(372, 3450, 'Grazen', 1),
(373, 3454, 'Rummen', 1),
(374, 3460, 'Assent', 1),
(375, 3460, 'Bekkevoort', 1),
(376, 3461, 'Molenbeek-Wersbeek', 1),
(377, 3470, 'Kortenaken', 1),
(378, 3470, 'Ransberg', 1),
(379, 3471, 'Hoeleden', 1),
(380, 3472, 'Kersbeek-Miskom', 1),
(381, 3473, 'Waanrode', 1),
(382, 2000, 'Antwerpen', 1),
(383, 2018, 'Antwerpen', 1),
(384, 2020, 'Antwerpen', 1),
(385, 2030, 'Antwerpen', 1),
(386, 2040, 'Antwerpen', 1),
(387, 2040, 'Berendrecht', 1),
(388, 2040, 'Lillo', 1),
(389, 2040, 'Zandvliet', 1),
(390, 2050, 'Antwerpen', 1),
(391, 2060, 'Antwerpen', 1),
(392, 2100, 'Deurne', 1),
(393, 2140, 'Borgerhout', 1),
(394, 2170, 'Merksem', 1),
(395, 2180, 'Ekeren', 1),
(396, 2600, 'Berchem', 1),
(397, 2610, 'Wilrijk', 1),
(398, 2660, 'Hoboken', 1),
(399, 2070, 'Burcht', 1),
(400, 2070, 'Zwijndrecht', 1),
(401, 2110, 'Wijnegem', 1),
(402, 2150, 'Borsbeek (Antw.)', 1),
(403, 2160, 'Wommelgem', 1),
(404, 2200, 'Herentals', 1),
(405, 2200, 'Morkhoven', 1),
(406, 2200, 'Noorderwijk', 1),
(407, 2220, 'Hallaar', 1),
(408, 2220, 'Heist-op-den-Berg', 1),
(409, 2221, 'Booischot', 1),
(410, 2222, 'Itegem', 1),
(411, 2222, 'Wiekevorst', 1),
(412, 2223, 'Schriek', 1),
(413, 2230, 'Herselt', 1),
(414, 2230, 'Ramsel', 1),
(415, 2235, 'Houtvenne', 1),
(416, 2235, 'Hulshout', 1),
(417, 2235, 'Westmeerbeek', 1),
(418, 2240, 'Massenhoven', 1),
(419, 2240, 'Viersel', 1),
(420, 2240, 'Zandhoven', 1),
(421, 2242, 'Pulderbos', 1),
(422, 2243, 'Pulle', 1),
(423, 2250, 'Olen', 1),
(424, 2260, 'Oevel', 1),
(425, 2260, 'Tongerlo (Antw.)', 1),
(426, 2260, 'Westerlo', 1),
(427, 2260, 'Zoerle-Parwijs', 1),
(428, 2270, 'Herenthout', 1),
(429, 2275, 'Gierle', 1),
(430, 2275, 'Lille', 1),
(431, 2275, 'Poederlee', 1),
(432, 2275, 'Wechelderzande', 1),
(433, 2280, 'Grobbendonk', 1),
(434, 2288, 'Bouwel', 1),
(435, 2290, 'Vorselaar', 1),
(436, 2300, 'Turnhout', 1),
(437, 2310, 'Rijkevorsel', 1),
(438, 2320, 'Hoogstraten', 1),
(439, 2321, 'Meer', 1),
(440, 2322, 'Minderhout', 1),
(441, 2323, 'Wortel', 1),
(442, 2328, 'Meerle', 1),
(443, 2330, 'Merksplas', 1),
(444, 2340, 'Beerse', 1),
(445, 2340, 'Vlimmeren', 1),
(446, 2350, 'Vosselaar', 1),
(447, 2360, 'Oud-Turnhout', 1),
(448, 2370, 'Arendonk', 1),
(449, 2380, 'Ravels', 1),
(450, 2381, 'Weelde', 1),
(451, 2382, 'Poppel', 1),
(452, 2387, 'Baarle-Hertog', 1),
(453, 2390, 'Malle', 1),
(454, 2390, 'Oostmalle', 1),
(455, 2390, 'Westmalle', 1),
(456, 2400, 'Mol', 1),
(457, 2430, 'Eindhout', 1),
(458, 2430, 'Laakdal', 1),
(459, 2430, 'Vorst (Kempen)', 1),
(460, 2431, 'Varendonk', 1),
(461, 2431, 'Veerle', 1),
(462, 2440, 'Geel', 1),
(463, 2450, 'Meerhout', 1),
(464, 2460, 'Kasterlee', 1),
(465, 2460, 'Lichtaart', 1),
(466, 2460, 'Tielen', 1),
(467, 2470, 'Retie', 1),
(468, 2480, 'Dessel', 1),
(469, 2490, 'Balen', 1),
(470, 2491, 'Olmen', 1),
(471, 2500, 'Koningshooikt', 1),
(472, 2500, 'Lier', 1),
(473, 2520, 'Broechem', 1),
(474, 2520, 'Emblem', 1),
(475, 2520, 'Oelegem', 1),
(476, 2520, 'Ranst', 1),
(477, 2530, 'Boechout', 1),
(478, 2531, 'Vremde', 1),
(479, 2540, 'Hove', 1),
(480, 2547, 'Lint', 1),
(481, 2550, 'Kontich', 1),
(482, 2550, 'Waarloos', 1),
(483, 2560, 'Bevel', 1),
(484, 2560, 'Kessel', 1),
(485, 2560, 'Nijlen', 1),
(486, 2570, 'Duffel', 1),
(487, 2580, 'Beerzel', 1),
(488, 2580, 'Putte', 1),
(489, 2590, 'Berlaar', 1),
(490, 2590, 'Gestel', 1),
(491, 2620, 'Hemiksem', 1),
(492, 2627, 'Schelle', 1),
(493, 2630, 'Aartselaar', 1),
(494, 2640, 'Mortsel', 1),
(495, 2650, 'Edegem', 1),
(496, 2800, 'Mechelen', 1),
(497, 2800, 'Walem', 1),
(498, 2801, 'Heffen', 1),
(499, 2811, 'Hombeek', 1),
(500, 2811, 'Leest', 1),
(501, 2812, 'Muizen (Mechelen)', 1),
(502, 2820, 'Bonheiden', 1),
(503, 2820, 'Rijmenam', 1),
(504, 2830, 'Blaasveld', 1),
(505, 2830, 'Heindonk', 1),
(506, 2830, 'Tisselt', 1),
(507, 2830, 'Willebroek', 1),
(508, 2840, 'Reet', 1),
(509, 2840, 'Rumst', 1),
(510, 2840, 'Terhagen', 1),
(511, 2845, 'Niel', 1),
(512, 2850, 'Boom', 1),
(513, 2860, 'Sint-Katelijne-Waver', 1),
(514, 2861, 'Onze-Lieve-Vrouw-Waver', 1),
(515, 2870, 'Breendonk', 1),
(516, 2870, 'Liezele', 1),
(517, 2870, 'Puurs', 1),
(518, 2870, 'Ruisbroek (Antw.)', 1),
(519, 2880, 'Bornem', 1),
(520, 2880, 'Hingene', 1),
(521, 2880, 'Mariekerke (Bornem)', 1),
(522, 2880, 'Weert', 1),
(523, 2890, 'Lippelo', 1),
(524, 2890, 'Oppuurs', 1),
(525, 2890, 'Sint-Amands', 1),
(526, 2900, 'Schoten', 1),
(527, 2910, 'Essen', 1),
(528, 2920, 'Kalmthout', 1),
(529, 2930, 'Brasschaat', 1),
(530, 2940, 'Hoevenen', 1),
(531, 2940, 'Stabroek', 1),
(532, 2950, 'Kapellen (Antw.)', 1),
(533, 2960, 'Brecht', 1),
(534, 2960, 'Sint-J\'in- t-Goor', 1),
(535, 2960, 'Sint-Lenaarts', 1),
(536, 2970, 's Gravenwezel', 1),
(537, 2970, 'Schilde', 1),
(538, 2980, 'Halle (Kempen)', 1),
(539, 2980, 'Zoersel', 1),
(540, 2990, 'Loenhout', 1),
(541, 2990, 'Wuustwezel', 1),
(542, 3500, 'Hasselt', 1),
(543, 3500, 'Sint-Lambrechts-Herk', 1),
(544, 3501, 'Wimmertingen', 1),
(545, 3510, 'Kermt', 1),
(546, 3510, 'Spalbeek', 1),
(547, 3511, 'Kuringen', 1),
(548, 3511, 'Stokrooie', 1),
(549, 3512, 'Stevoort', 1),
(550, 3520, 'Zonhoven', 1),
(551, 3530, 'Helchteren', 1),
(552, 3530, 'Houthalen', 1),
(553, 3530, 'Houthalen-Helchteren', 1),
(554, 3540, 'Berbroek', 1),
(555, 3540, 'Donk', 1),
(556, 3540, 'Herk-de-Stad', 1),
(557, 3540, 'Schulen', 1),
(558, 3545, 'Halen', 1),
(559, 3545, 'Loksbergen', 1),
(560, 3545, 'Zelem', 1),
(561, 3550, 'Heusden (Limb.)', 1),
(562, 3550, 'Heusden-Zolder', 1),
(563, 3550, 'Zolder', 1),
(564, 3560, 'Linkhout', 1),
(565, 3560, 'Lummen', 1),
(566, 3560, 'Meldert (Limb.)', 1),
(567, 3570, 'Alken', 1),
(568, 3580, 'Beringen', 1),
(569, 3581, 'Beverlo', 1),
(570, 3582, 'Koersel', 1),
(571, 3583, 'Paal', 1),
(572, 3590, 'Diepenbeek', 1),
(573, 3600, 'Genk', 1),
(574, 3620, 'Gellik', 1),
(575, 3620, 'Lanaken', 1),
(576, 3620, 'Neerharen', 1),
(577, 3620, 'Veldwezelt', 1),
(578, 3621, 'Rekem', 1),
(579, 3630, 'Eisden', 1),
(580, 3630, 'Leut', 1),
(581, 3630, 'Maasmechelen', 1),
(582, 3630, 'Mechelen-aan-de-Maas', 1),
(583, 3630, 'Meeswijk', 1),
(584, 3630, 'Opgrimbie', 1),
(585, 3630, 'Vucht', 1),
(586, 3631, 'Boorsem', 1),
(587, 3631, 'Uikhoven', 1),
(588, 3640, 'Kessenich', 1),
(589, 3640, 'Kinrooi', 1),
(590, 3640, 'Molenbeersel', 1),
(591, 3640, 'Ophoven', 1),
(592, 3650, 'Dilsen-Stokkem', 1),
(593, 3650, 'Elen', 1),
(594, 3650, 'Lanklaar', 1),
(595, 3650, 'Rotem', 1),
(596, 3660, 'Opglabbeek', 1),
(597, 3665, 'As', 1),
(598, 3668, 'Niel-bij-As', 1),
(599, 3670, 'Ellikom', 1),
(600, 3670, 'Gruitrode', 1),
(601, 3670, 'Meeuwen', 1),
(602, 3670, 'Meeuwen-Gruitrode', 1),
(603, 3670, 'Neerglabbeek', 1),
(604, 3670, 'Wijshagen', 1),
(605, 3680, 'Maaseik', 1),
(606, 3680, 'Neeroeteren', 1),
(607, 3680, 'Opoeteren', 1),
(608, 3690, 'Zutendaal', 1),
(609, 3700, 'Berg (Limb.)', 1),
(610, 3700, 'Diets-Heur', 1),
(611, 3700, 'Haren (Tongeren)', 1),
(612, 3700, 'Henis', 1),
(613, 3700, 'Kolmont (Tongeren)', 1),
(614, 3700, 'Koninksem', 1),
(615, 3700, 'Lauw', 1),
(616, 3700, 'Mal', 1),
(617, 3700, 'Neerrepen', 1),
(618, 3700, 'Nerem', 1),
(619, 3700, 'Overrepen (Kolmont)', 1),
(620, 3700, 'Piringen (Haren)', 1),
(621, 3700, 'Riksingen', 1),
(622, 3700, 'Rutten', 1),
(623, 3700, 's Herenelderen', 1),
(624, 3700, 'Sluizen', 1),
(625, 3700, 'Tongeren', 1),
(626, 3700, 'Vreren', 1),
(627, 3700, 'Widooie (Haren)', 1),
(628, 3717, 'Herstappe', 1),
(629, 3720, 'Kortessem', 1),
(630, 3721, 'Vliermaalroot', 1),
(631, 3722, 'Wintershoven', 1),
(632, 3723, 'Guigoven', 1),
(633, 3724, 'Vliermaal', 1),
(634, 3730, 'Hoeselt', 1),
(635, 3730, 'Romershoven', 1),
(636, 3730, 'Sint-Huibrechts-Hern', 1),
(637, 3730, 'Werm', 1),
(638, 3732, 'Schalkhoven', 1),
(639, 3740, 'Beverst', 1),
(640, 3740, 'Bilzen', 1),
(641, 3740, 'Eigenbilzen', 1),
(642, 3740, 'Grote-Spouwen', 1),
(643, 3740, 'Hees', 1),
(644, 3740, 'Kleine-Spouwen', 1),
(645, 3740, 'Mopertingen', 1),
(646, 3740, 'Munsterbilzen', 1),
(647, 3740, 'Rijkhoven', 1),
(648, 3740, 'Rosmeer', 1),
(649, 3740, 'Spouwen', 1),
(650, 3740, 'Waltwilder', 1),
(651, 3742, 'Martenslinde', 1),
(652, 3746, 'Hoelbeek', 1),
(653, 3770, 'Genoelselderen', 1),
(654, 3770, 'Herderen', 1),
(655, 3770, 'Kanne', 1),
(656, 3770, 'Membruggen', 1),
(657, 3770, 'Millen', 1),
(658, 3770, 'Riemst', 1),
(659, 3770, 'Val-Meer', 1),
(660, 3770, 'Vlijtingen', 1),
(661, 3770, 'Vroenhoven', 1),
(662, 3770, 'Zichen-Zussen-Bolder', 1),
(663, 3790, 'Moelingen/Mouland', 1),
(664, 3790, 'Sint-Martens-Voeren/Fouron-Saint-Martin', 1),
(665, 3790, 'Voeren/Fourons', 1),
(666, 3791, 'Remersdaal', 1),
(667, 3792, 'Sint-Pieters-Voeren/Fouron-Saint-Pierre', 1),
(668, 3793, 'Teuven', 1),
(669, 3798, 's Gravenvoeren/Fouron-le-Comte', 1),
(670, 3800, 'Aalst (Limb.)', 1),
(671, 3800, 'Brustem', 1),
(672, 3800, 'Engelmanshoven', 1),
(673, 3800, 'Gelinden', 1),
(674, 3800, 'Groot-Gelmen', 1),
(675, 3800, 'Halmaal', 1),
(676, 3800, 'Kerkom-bij-Sint-Truiden', 1),
(677, 3800, 'Ordingen', 1),
(678, 3800, 'Sint-Truiden', 1),
(679, 3800, 'Zepperen', 1),
(680, 3803, 'Duras', 1),
(681, 3803, 'Gorsem', 1),
(682, 3803, 'Runkelen', 1),
(683, 3803, 'Wilderen', 1),
(684, 3806, 'Velm', 1),
(685, 3830, 'Berlingen', 1),
(686, 3830, 'Wellen', 1),
(687, 3831, 'Herten', 1),
(688, 3832, 'Ulbeek', 1),
(689, 3840, 'Bommershoven (Haren)', 1),
(690, 3840, 'Borgloon', 1),
(691, 3840, 'Broekom', 1),
(692, 3840, 'Gors-Opleeuw', 1),
(693, 3840, 'Gotem', 1),
(694, 3840, 'Groot-Loon', 1),
(695, 3840, 'Haren (Borgloon)', 1),
(696, 3840, 'Hendrieken', 1),
(697, 3840, 'Hoepertingen', 1),
(698, 3840, 'Jesseren (Kolmont)', 1),
(699, 3840, 'Kerniel', 1),
(700, 3840, 'Kolmont (Borgloon)', 1),
(701, 3840, 'Kuttekoven', 1),
(702, 3840, 'Rijkel', 1),
(703, 3840, 'Voort', 1),
(704, 3850, 'Binderveld', 1),
(705, 3850, 'Kozen', 1),
(706, 3850, 'Nieuwerkerken (Limb.)', 1),
(707, 3850, 'Wijer', 1),
(708, 3870, 'Batsheers', 1),
(709, 3870, 'Bovelingen', 1),
(710, 3870, 'Gutschoven', 1),
(711, 3870, 'Heers', 1),
(712, 3870, 'Heks', 1),
(713, 3870, 'Horpmaal', 1),
(714, 3870, 'Klein-Gelmen', 1),
(715, 3870, 'Mechelen-Bovelingen', 1),
(716, 3870, 'Mettekoven', 1),
(717, 3870, 'Opheers', 1),
(718, 3870, 'Rukkelingen-Loon', 1),
(719, 3870, 'Vechmaal', 1),
(720, 3870, 'Veulen', 1),
(721, 3890, 'Boekhout', 1),
(722, 3890, 'Gingelom', 1),
(723, 3890, 'Jeuk', 1),
(724, 3890, 'Kortijs', 1),
(725, 3890, 'Montenaken', 1),
(726, 3890, 'Niel-bij-Sint-Truiden', 1),
(727, 3890, 'Vorsen', 1),
(728, 3891, 'Borlo', 1),
(729, 3891, 'Buvingen', 1),
(730, 3891, 'Mielen-boven-Aalst', 1),
(731, 3891, 'Muizen (Limb.)', 1),
(732, 3900, 'Overpelt', 1),
(733, 3910, 'Neerpelt', 1),
(734, 3910, 'Sint-Huibrechts-Lille', 1),
(735, 3920, 'Lommel', 1),
(736, 3930, 'Achel', 1),
(737, 3930, 'Hamont', 1),
(738, 3930, 'Hamont-Achel', 1),
(739, 3940, 'Hechtel', 1),
(740, 3940, 'Hechtel-Eksel', 1),
(741, 3941, 'Eksel', 1),
(742, 3945, 'Ham', 1),
(743, 3945, 'Kwaadmechelen', 1),
(744, 3945, 'Oostham', 1),
(745, 3950, 'Bocholt', 1),
(746, 3950, 'Kaulille', 1),
(747, 3950, 'Reppel', 1),
(748, 3960, 'Beek', 1),
(749, 3960, 'Bree', 1),
(750, 3960, 'Gerdingen', 1),
(751, 3960, 'Opitter', 1),
(752, 3960, 'Tongerlo (Limb.)', 1),
(753, 3970, 'Leopoldsburg', 1),
(754, 3971, 'Heppen', 1),
(755, 3980, 'Tessenderlo', 1),
(756, 3990, 'Grote-Brogel', 1),
(757, 3990, 'Kleine-Brogel', 1),
(758, 3990, 'Peer', 1),
(759, 3990, 'Wijchmaal', 1),
(760, 4000, 'Glain', 1),
(761, 4000, 'Liège', 1),
(762, 4000, 'Rocourt', 1),
(763, 4020, 'Bressoux', 1),
(764, 4020, 'Jupille-sur-Meuse', 1),
(765, 4020, 'Liège', 1),
(766, 4020, 'Wandre', 1),
(767, 4030, 'Grivegnée', 1),
(768, 4031, 'Angleur', 1),
(769, 4032, 'Chênée', 1),
(770, 4040, 'Herstal', 1),
(771, 4041, 'Milmort', 1),
(772, 4041, 'Vottem', 1),
(773, 4042, 'Liers', 1),
(774, 4050, 'Chaudfontaine', 1),
(775, 4051, 'Vaux-sous-Chèvremont', 1),
(776, 4052, 'Beaufays', 1),
(777, 4053, 'Embourg', 1),
(778, 4100, 'Boncelles', 1),
(779, 4100, 'Seraing', 1),
(780, 4101, 'Jemeppe-sur-Meuse', 1),
(781, 4102, 'Ougrée', 1),
(782, 4120, 'Ehein', 1),
(783, 4120, 'Neupré', 1),
(784, 4120, 'Rotheux-Rimière', 1),
(785, 4121, 'Neuville-en-Condroz', 1),
(786, 4122, 'Plainevaux', 1),
(787, 4130, 'Esneux', 1),
(788, 4130, 'Tilff', 1),
(789, 4140, 'Dolembreux', 1),
(790, 4140, 'Gomzé-Andoumont', 1),
(791, 4140, 'Rouvreux', 1),
(792, 4140, 'Sprimont', 1),
(793, 4141, 'Louveigné', 1),
(794, 4160, 'Anthisnes', 1),
(795, 4161, 'Villers-aux-Tours', 1),
(796, 4162, 'Hody', 1),
(797, 4163, 'Tavier', 1),
(798, 4170, 'Comblain-au-Pont', 1),
(799, 4171, 'Poulseur', 1),
(800, 4180, 'Comblain-Fairon', 1),
(801, 4180, 'Comblain-la-Tour', 1),
(802, 4180, 'Hamoir', 1),
(803, 4181, 'Filot', 1),
(804, 4190, 'Ferrières', 1),
(805, 4190, 'My', 1),
(806, 4190, 'Vieuxville', 1),
(807, 4190, 'Werbomont', 1),
(808, 4190, 'Xhoris', 1),
(809, 4210, 'Burdinne', 1),
(810, 4210, 'Hannêche', 1),
(811, 4210, 'Lamontzée', 1),
(812, 4210, 'Marneffe', 1),
(813, 4210, 'Oteppe', 1),
(814, 4217, 'Héron', 1),
(815, 4217, 'Lavoir', 1),
(816, 4217, 'Waret-l Evêque', 1),
(817, 4218, 'Couthuin', 1),
(818, 4219, 'Acosse', 1),
(819, 4219, 'Ambresin', 1),
(820, 4219, 'Meeffe', 1),
(821, 4219, 'Wasseiges', 1),
(822, 4250, 'Boëlhe', 1),
(823, 4250, 'Geer', 1),
(824, 4250, 'Hollogne-sur-Geer', 1),
(825, 4250, 'Lens-Saint-Servais', 1),
(826, 4252, 'Omal', 1),
(827, 4253, 'Darion', 1),
(828, 4254, 'Ligney', 1),
(829, 4257, 'Berloz', 1),
(830, 4257, 'Corswarem', 1),
(831, 4257, 'Rosoux-Crenwick', 1),
(832, 4260, 'Avennes', 1),
(833, 4260, 'Braives', 1),
(834, 4260, 'Ciplet', 1),
(835, 4260, 'Fallais', 1),
(836, 4260, 'Fumal', 1),
(837, 4260, 'Ville-en-Hesbaye', 1),
(838, 4261, 'Latinne', 1),
(839, 4263, 'Tourinne (Lg.)', 1),
(840, 4280, 'Abolens', 1),
(841, 4280, 'Avernas-le-Bauduin', 1),
(842, 4280, 'Avin', 1),
(843, 4280, 'Bertrée', 1),
(844, 4280, 'Blehen', 1),
(845, 4280, 'Cras-Avernas', 1),
(846, 4280, 'Crehen', 1),
(847, 4280, 'Grand-Hallet', 1),
(848, 4280, 'Hannut', 1),
(849, 4280, 'Lens-Saint-Remy', 1),
(850, 4280, 'Merdorp', 1),
(851, 4280, 'Moxhe', 1),
(852, 4280, 'Petit-Hallet', 1),
(853, 4280, 'Poucet', 1),
(854, 4280, 'Thisnes', 1),
(855, 4280, 'Trognée', 1),
(856, 4280, 'Villers-le-Peuplier', 1),
(857, 4280, 'Wansin', 1),
(858, 4287, 'Lincent', 1),
(859, 4287, 'Pellaines', 1),
(860, 4287, 'Racour', 1),
(861, 4300, 'Bettincourt', 1),
(862, 4300, 'Bleret', 1),
(863, 4300, 'Bovenistier', 1),
(864, 4300, 'Grand-Axhe', 1),
(865, 4300, 'Lantremange', 1),
(866, 4300, 'Oleye', 1),
(867, 4300, 'Waremme', 1),
(868, 4317, 'Aineffe', 1),
(869, 4317, 'Borlez', 1),
(870, 4317, 'Celles (Lg.)', 1),
(871, 4317, 'Faimes', 1),
(872, 4317, 'Les Waleffes', 1),
(873, 4317, 'Viemme', 1),
(874, 4340, 'Awans', 1),
(875, 4340, 'Fooz', 1),
(876, 4340, 'Othée', 1),
(877, 4340, 'Villers-l Evêque', 1),
(878, 4342, 'Hognoul', 1),
(879, 4347, 'Fexhe-le-Haut-Clocher', 1),
(880, 4347, 'Freloux', 1),
(881, 4347, 'Noville (Lg.)', 1),
(882, 4347, 'Roloux', 1),
(883, 4347, 'Voroux-Goreux', 1),
(884, 4350, 'Lamine', 1),
(885, 4350, 'Momalle', 1),
(886, 4350, 'Pousset', 1),
(887, 4350, 'Remicourt', 1),
(888, 4351, 'Hodeige', 1),
(889, 4357, 'Donceel', 1),
(890, 4357, 'Haneffe', 1),
(891, 4357, 'Jeneffe (Lg.)', 1),
(892, 4357, 'Limont', 1),
(893, 4360, 'Bergilers', 1),
(894, 4360, 'Grandville', 1),
(895, 4360, 'Lens-sur-Geer', 1),
(896, 4360, 'Oreye', 1),
(897, 4360, 'Otrange', 1),
(898, 4367, 'Crisnée', 1),
(899, 4367, 'Fize-le-Marsal', 1),
(900, 4367, 'Kemexhe', 1),
(901, 4367, 'Odeur', 1),
(902, 4367, 'Thys', 1),
(903, 4400, 'Awirs', 1),
(904, 4400, 'Chokier', 1),
(905, 4400, 'Flémalle', 1),
(906, 4400, 'Flémalle-Grande', 1),
(907, 4400, 'Flémalle-Haute', 1),
(908, 4400, 'Gleixhe', 1),
(909, 4400, 'Ivoz-Ramet', 1),
(910, 4400, 'Mons-lez-Liège', 1),
(911, 4420, 'Montegnée', 1),
(912, 4420, 'Saint-Nicolas (Lg.)', 1),
(913, 4420, 'Tilleur', 1),
(914, 4430, 'Ans', 1),
(915, 4431, 'Loncin', 1),
(916, 4432, 'Alleur', 1),
(917, 4432, 'Xhendremael', 1),
(918, 4450, 'Juprelle', 1),
(919, 4450, 'Lantin', 1),
(920, 4450, 'Slins', 1),
(921, 4451, 'Voroux-lez-Liers', 1),
(922, 4452, 'Paifve', 1),
(923, 4452, 'Wihogne', 1),
(924, 4453, 'Villers-Saint-Siméon', 1),
(925, 4458, 'Fexhe-Slins', 1),
(926, 4460, 'Bierset', 1),
(927, 4460, 'Grâce-Berleur', 1),
(928, 4460, 'Grâce-Hollogne', 1),
(929, 4460, 'Hollogne-aux-Pierres', 1),
(930, 4460, 'Horion-Hozémont', 1),
(931, 4460, 'Velroux', 1),
(932, 4470, 'Saint-Georges-sur-Meuse', 1),
(933, 4480, 'Clermont-sous-Huy', 1),
(934, 4480, 'Engis', 1),
(935, 4480, 'Hermalle-sous-Huy', 1),
(936, 4500, 'Ben-Ahin', 1),
(937, 4500, 'Huy', 1),
(938, 4500, 'Tihange', 1),
(939, 4520, 'Antheit', 1),
(940, 4520, 'Bas-Oha', 1),
(941, 4520, 'Huccorgne', 1),
(942, 4520, 'Moha', 1),
(943, 4520, 'Vinalmont', 1),
(944, 4520, 'Wanze', 1),
(945, 4530, 'Fize-Fontaine', 1),
(946, 4530, 'Vaux-et-Borset', 1),
(947, 4530, 'Vieux-Waleffe', 1),
(948, 4530, 'Villers-le-Bouillet', 1),
(949, 4530, 'Warnant-Dreye', 1),
(950, 4537, 'Chapon-Seraing', 1),
(951, 4537, 'Seraing-le-Château', 1),
(952, 4537, 'Verlaine', 1),
(953, 4540, 'Amay', 1),
(954, 4540, 'Ampsin', 1),
(955, 4540, 'Flône', 1),
(956, 4540, 'Jehay', 1),
(957, 4540, 'Ombret', 1),
(958, 4550, 'Nandrin', 1),
(959, 4550, 'Saint-Séverin', 1),
(960, 4550, 'Villers-le-Temple', 1),
(961, 4550, 'Yernée-Fraineux', 1),
(962, 4557, 'Abée', 1),
(963, 4557, 'Fraiture', 1),
(964, 4557, 'Ramelot', 1),
(965, 4557, 'Seny', 1),
(966, 4557, 'Soheit-Tinlot', 1),
(967, 4557, 'Tinlot', 1),
(968, 4560, 'Bois-et-Borsu', 1),
(969, 4560, 'Clavier', 1),
(970, 4560, 'Les Avins', 1),
(971, 4560, 'Ocquier', 1),
(972, 4560, 'Pailhe', 1),
(973, 4560, 'Terwagne', 1),
(974, 4570, 'Marchin', 1),
(975, 4570, 'Vyle-et-Tharoul', 1),
(976, 4577, 'Modave', 1),
(977, 4577, 'Outrelouxhe', 1),
(978, 4577, 'Strée-lez-Huy', 1),
(979, 4577, 'Vierset-Barse', 1),
(980, 4590, 'Ellemelle', 1),
(981, 4590, 'Ouffet', 1),
(982, 4590, 'Warzée', 1),
(983, 4600, 'Lanaye', 1),
(984, 4600, 'Lixhe', 1),
(985, 4600, 'Richelle', 1),
(986, 4600, 'Visé', 1),
(987, 4601, 'Argenteau', 1),
(988, 4602, 'Cheratte', 1),
(989, 4606, 'Saint-André', 1),
(990, 4607, 'Berneau', 1),
(991, 4607, 'Bombaye', 1),
(992, 4607, 'Dalhem', 1),
(993, 4607, 'Feneur', 1),
(994, 4607, 'Mortroux', 1),
(995, 4608, 'Neufchâteau (Lg.)', 1),
(996, 4608, 'Warsage', 1),
(997, 4610, 'Bellaire', 1),
(998, 4610, 'Beyne-Heusay', 1),
(999, 4610, 'Queue-du-Bois', 1),
(1000, 4620, 'Fléron', 1),
(1001, 4621, 'Retinne', 1),
(1002, 4623, 'Magnée', 1),
(1003, 4624, 'Romsée', 1),
(1004, 4630, 'Ayeneux', 1),
(1005, 4630, 'Micheroux', 1),
(1006, 4630, 'Soumagne', 1),
(1007, 4630, 'Tignée', 1),
(1008, 4631, 'Evegnée', 1),
(1009, 4632, 'Cérexhe-Heuseux', 1),
(1010, 4633, 'Melen', 1),
(1011, 4650, 'Chaineux', 1),
(1012, 4650, 'Grand-Rechain', 1),
(1013, 4650, 'Herve', 1),
(1014, 4650, 'Julémont', 1),
(1015, 4651, 'Battice', 1),
(1016, 4652, 'Xhendelesse', 1),
(1017, 4653, 'Bolland', 1),
(1018, 4654, 'Charneux', 1),
(1019, 4670, 'Blégny', 1),
(1020, 4670, 'Mortier', 1),
(1021, 4670, 'Trembleur', 1),
(1022, 4671, 'Barchon', 1),
(1023, 4671, 'Housse', 1),
(1024, 4671, 'Saive', 1),
(1025, 4672, 'Saint-Remy (Lg.)', 1),
(1026, 4680, 'Hermée', 1),
(1027, 4680, 'Oupeye', 1),
(1028, 4681, 'Hermalle-sous-Argenteau', 1),
(1029, 4682, 'Heure-le-Romain', 1),
(1030, 4682, 'Houtain-Saint-Siméon', 1),
(1031, 4683, 'Vivegnis', 1),
(1032, 4684, 'Haccourt', 1),
(1033, 4690, 'Bassenge', 1),
(1034, 4690, 'Boirs', 1),
(1035, 4690, 'Eben-Emael', 1),
(1036, 4690, 'Glons', 1),
(1037, 4690, 'Roclenge-sur-Geer', 1),
(1038, 4690, 'Wonck', 1),
(1039, 4700, 'Eupen', 1),
(1040, 4701, 'Kettenis', 1),
(1041, 4710, 'Lontzen', 1),
(1042, 4711, 'Walhorn', 1),
(1043, 4720, 'Kelmis/La Calamine', 1),
(1044, 4721, 'Neu-Moresnet', 1),
(1045, 4728, 'Hergenrath', 1),
(1046, 4730, 'Hauset', 1),
(1047, 4730, 'Raeren', 1),
(1048, 4731, 'Eynatten', 1),
(1049, 4750, 'Bütgenbach/Butgenbach', 1),
(1050, 4750, 'Elsenborn', 1),
(1051, 4760, 'Büllingen/Bullange', 1),
(1052, 4760, 'Manderfeld', 1),
(1053, 4761, 'Rocherath', 1),
(1054, 4770, 'Amel/Amblève', 1),
(1055, 4770, 'Meyerode', 1),
(1056, 4771, 'Heppenbach', 1),
(1057, 4780, 'Recht', 1),
(1058, 4780, 'Sankt Vith/Saint-Vith', 1),
(1059, 4782, 'Schönberg/Schoenberg', 1),
(1060, 4783, 'Lommersweiler', 1),
(1061, 4784, 'Crombach', 1),
(1062, 4790, 'Burg-Reuland', 1),
(1063, 4790, 'Reuland', 1),
(1064, 4791, 'Thommen', 1),
(1065, 4800, 'Ensival', 1),
(1066, 4800, 'Lambermont', 1),
(1067, 4800, 'Petit-Rechain', 1),
(1068, 4800, 'Verviers', 1),
(1069, 4801, 'Stembert', 1),
(1070, 4802, 'Heusy', 1),
(1071, 4820, 'Dison', 1),
(1072, 4821, 'Andrimont', 1),
(1073, 4830, 'Limbourg', 1),
(1074, 4831, 'Bilstain', 1),
(1076, 4837, 'Baelen (Lg.)', 1),
(1077, 4837, 'Membach', 1),
(1078, 4840, 'Welkenraedt', 1),
(1079, 4841, 'Henri-Chapelle', 1),
(1080, 4845, 'Jalhay', 1),
(1081, 4845, 'Sart-lez-Spa', 1),
(1082, 4850, 'Montzen', 1),
(1083, 4850, 'Moresnet', 1),
(1084, 4850, 'Plombières', 1),
(1085, 4851, 'Gemmenich', 1),
(1086, 4851, 'Sippenaeken', 1),
(1087, 4852, 'Hombourg', 1),
(1088, 4860, 'Cornesse', 1),
(1089, 4860, 'Pepinster', 1),
(1090, 4860, 'Wegnez', 1),
(1091, 4861, 'Soiron', 1),
(1092, 4870, 'Forêt', 1),
(1093, 4870, 'Fraipont', 1),
(1094, 4870, 'Nessonvaux', 1),
(1095, 4870, 'Trooz', 1),
(1096, 4877, 'Olne', 1),
(1097, 4880, 'Aubel', 1),
(1098, 4890, 'Clermont (Lg.)', 1),
(1099, 4890, 'Thimister', 1),
(1100, 4890, 'Thimister-Clermont', 1),
(1101, 4900, 'Spa', 1),
(1102, 4910, 'La Reid', 1),
(1103, 4910, 'Polleur', 1),
(1104, 4910, 'Theux', 1),
(1105, 4920, 'Aywaille', 1),
(1106, 4920, 'Ernonheid', 1),
(1107, 4920, 'Harzé', 1),
(1108, 4920, 'Sougné-Remouchamps', 1),
(1109, 4950, 'Faymonville', 1),
(1110, 4950, 'Robertville', 1),
(1111, 4950, 'Sourbrodt', 1),
(1112, 4950, 'Waimes/Weismes', 1),
(1113, 4960, 'Bellevaux-Ligneuville', 1),
(1114, 4960, 'Bevercé', 1),
(1115, 4960, 'Malmedy', 1),
(1116, 4970, 'Francorchamps', 1),
(1117, 4970, 'Stavelot', 1),
(1118, 4980, 'Fosse (Lg.)', 1),
(1119, 4980, 'Trois-Ponts', 1),
(1120, 4980, 'Wanne', 1),
(1121, 4983, 'Basse-Bodeux', 1),
(1122, 4987, 'Chevron', 1),
(1123, 4987, 'La Gleize', 1),
(1124, 4987, 'Lorcé', 1),
(1125, 4987, 'Rahier', 1),
(1126, 4987, 'Stoumont', 1),
(1127, 4990, 'Arbrefontaine', 1),
(1128, 4990, 'Bra', 1),
(1129, 4990, 'Lierneux', 1),
(1130, 5170, 'Profondeville', 1),
(1131, 5170, 'Rivière', 1),
(1132, 5190, 'Balâtre', 1),
(1133, 5190, 'Ham-sur-Sambre', 1),
(1134, 5190, 'Jemeppe-sur-Sambre', 1),
(1135, 5190, 'Mornimont', 1),
(1136, 5190, 'Moustier-sur-Sambre', 1),
(1137, 5190, 'Onoz', 1),
(1138, 5190, 'Saint-Martin', 1),
(1139, 5190, 'Spy', 1),
(1140, 5300, 'Andenne', 1),
(1141, 5300, 'Bonneville', 1),
(1142, 5300, 'Coutisse', 1),
(1143, 5300, 'Landenne', 1),
(1144, 5300, 'Maizeret', 1),
(1145, 5300, 'Namêche', 1),
(1146, 5300, 'Sclayn', 1),
(1147, 5300, 'Seilles', 1),
(1148, 5300, 'Thon', 1),
(1149, 5300, 'Vezin', 1),
(1150, 5310, 'Aische-en-Refail', 1),
(1151, 5310, 'Bolinne', 1),
(1152, 5310, 'Boneffe', 1),
(1153, 5310, 'Branchon', 1),
(1154, 5310, 'Dhuy', 1),
(1155, 5310, 'Eghezée', 1),
(1156, 5310, 'Hanret', 1),
(1157, 5310, 'Leuze (Nam.)', 1),
(1158, 5310, 'Liernu', 1),
(1159, 5310, 'Longchamps (Nam.)', 1),
(1160, 5310, 'Mehaigne', 1),
(1161, 5310, 'Noville-sur-Méhaigne', 1),
(1162, 5310, 'Saint-Germain', 1),
(1163, 5310, 'Taviers (Nam.)', 1),
(1164, 5310, 'Upigny', 1),
(1165, 5310, 'Waret-la-Chaussée', 1),
(1166, 5330, 'Assesse', 1),
(1167, 5330, 'Maillen', 1),
(1168, 5330, 'Sart-Bernard', 1),
(1169, 5332, 'Crupet', 1),
(1170, 5333, 'Sorinne-la-Longue', 1),
(1171, 5334, 'Florée', 1),
(1172, 5336, 'Courrière', 1),
(1173, 5340, 'Faulx-les-Tombes', 1),
(1174, 5340, 'Gesves', 1),
(1175, 5340, 'Haltinne', 1),
(1176, 5340, 'Mozet', 1),
(1177, 5340, 'Sorée', 1),
(1178, 5350, 'Evelette', 1),
(1179, 5350, 'Ohey', 1),
(1180, 5351, 'Haillot', 1),
(1181, 5352, 'Perwez-Haillot', 1),
(1182, 5353, 'Goesnes', 1),
(1183, 5354, 'Jallet', 1),
(1184, 5360, 'Hamois', 1),
(1185, 5360, 'Natoye', 1),
(1186, 5361, 'Mohiville', 1),
(1187, 5361, 'Scy', 1),
(1188, 5362, 'Achet', 1),
(1189, 5363, 'Emptinne', 1),
(1190, 5364, 'Schaltin', 1),
(1191, 5370, 'Barvaux-Condroz', 1),
(1192, 5370, 'Flostoy', 1),
(1193, 5370, 'Havelange', 1),
(1194, 5370, 'Jeneffe (Nam.)', 1),
(1195, 5370, 'Porcheresse (Nam.)', 1),
(1196, 5370, 'Verlée', 1),
(1197, 5372, 'Méan', 1),
(1198, 5374, 'Maffe', 1),
(1199, 5376, 'Miécret', 1),
(1200, 5377, 'Baillonville', 1),
(1201, 5377, 'Bonsin', 1),
(1202, 5377, 'Heure (Nam.)', 1),
(1203, 5377, 'Hogne', 1),
(1204, 5377, 'Nettinne', 1),
(1205, 5377, 'Noiseux', 1),
(1206, 5377, 'Sinsin', 1),
(1207, 5377, 'Somme-Leuze', 1),
(1208, 5377, 'Waillet', 1),
(1209, 5380, 'Bierwart', 1),
(1210, 5380, 'Cortil-Wodon', 1),
(1211, 5380, 'Fernelmont', 1),
(1212, 5380, 'Forville', 1),
(1213, 5380, 'Franc-Waret', 1),
(1214, 5380, 'Hemptinne (Fernelmont)', 1),
(1215, 5380, 'Hingeon', 1),
(1216, 5380, 'Marchovelette', 1),
(1217, 5380, 'Noville-les-Bois', 1),
(1218, 5380, 'Pontillas', 1),
(1219, 5380, 'Tillier', 1),
(1220, 5500, 'Anseremme', 1),
(1221, 5500, 'Bouvignes-sur-Meuse', 1),
(1222, 5500, 'Dinant', 1),
(1223, 5500, 'Dréhance', 1),
(1224, 5500, 'Falmagne', 1),
(1225, 5500, 'Falmignoul', 1),
(1226, 5500, 'Furfooz', 1),
(1227, 5501, 'Lisogne', 1),
(1228, 5502, 'Thynes', 1),
(1229, 5503, 'Sorinnes', 1),
(1230, 5504, 'Foy-Notre-Dame', 1),
(1231, 5520, 'Anthée', 1),
(1232, 5520, 'Onhaye', 1),
(1233, 5521, 'Serville', 1),
(1234, 5522, 'Falaën', 1),
(1235, 5523, 'Sommière', 1),
(1236, 5523, 'Weillen', 1),
(1237, 5524, 'Gerin', 1),
(1238, 5530, 'Dorinne', 1),
(1239, 5530, 'Durnal', 1),
(1240, 5530, 'Evrehailles', 1),
(1241, 5530, 'Godinne', 1),
(1242, 5530, 'Houx', 1),
(1243, 5530, 'Mont (Nam.)', 1),
(1244, 5530, 'Purnode', 1),
(1245, 5530, 'Spontin', 1),
(1246, 5530, 'Yvoir', 1),
(1247, 5537, 'Anhée', 1),
(1248, 5537, 'Annevoie-Rouillon', 1),
(1249, 5537, 'Bioul', 1),
(1250, 5537, 'Denée', 1),
(1251, 5537, 'Haut-le-Wastia', 1),
(1252, 5537, 'Sosoye', 1),
(1253, 5537, 'Warnant', 1),
(1254, 5540, 'Hastière', 1),
(1255, 5540, 'Hastière-Lavaux', 1),
(1256, 5540, 'Hermeton-sur-Meuse', 1),
(1257, 5540, 'Waulsort', 1),
(1258, 5541, 'Hastière-par-Delà', 1),
(1259, 5542, 'Blaimont', 1),
(1260, 5543, 'Heer', 1),
(1261, 5544, 'Agimont', 1),
(1262, 5550, 'Alle', 1),
(1263, 5550, 'Bagimont', 1),
(1264, 5550, 'Bohan', 1),
(1265, 5550, 'Chairière', 1),
(1266, 5550, 'Laforêt', 1),
(1267, 5550, 'Membre', 1),
(1268, 5550, 'Mouzaive', 1),
(1269, 5550, 'Nafraiture', 1),
(1270, 5550, 'Orchimont', 1),
(1271, 5550, 'Pussemange', 1),
(1272, 5550, 'Sugny', 1),
(1273, 5550, 'Vresse-sur-Semois', 1),
(1274, 5555, 'Baillamont', 1),
(1275, 5555, 'Bellefontaine (Nam.)', 1),
(1276, 5555, 'Bièvre', 1),
(1277, 5555, 'Cornimont', 1),
(1278, 5555, 'Graide', 1),
(1279, 5555, 'Gros-Fays', 1),
(1280, 5555, 'Monceau-en-Ardenne', 1),
(1281, 5555, 'Naomé', 1),
(1282, 5555, 'Oizy', 1),
(1283, 5555, 'Petit-Fays', 1),
(1284, 5560, 'Ciergnon', 1),
(1285, 5560, 'Finnevaux', 1),
(1286, 5560, 'Houyet', 1),
(1287, 5560, 'Hulsonniaux', 1),
(1288, 5560, 'Mesnil-Eglise', 1),
(1289, 5560, 'Mesnil-Saint-Blaise', 1),
(1290, 5561, 'Celles (Nam.)', 1),
(1291, 5562, 'Custinne', 1),
(1292, 5563, 'Hour', 1),
(1293, 5564, 'Wanlin', 1),
(1294, 5570, 'Baronville', 1),
(1295, 5570, 'Beauraing', 1),
(1296, 5570, 'Dion', 1),
(1297, 5570, 'Felenne', 1),
(1298, 5570, 'Feschaux', 1),
(1299, 5570, 'Honnay', 1),
(1300, 5570, 'Javingue', 1),
(1301, 5570, 'Vonêche', 1),
(1302, 5570, 'Wancennes', 1),
(1303, 5570, 'Winenne', 1),
(1304, 5571, 'Wiesme', 1),
(1305, 5572, 'Focant', 1),
(1306, 5573, 'Martouzin-Neuville', 1),
(1307, 5574, 'Pondrôme', 1),
(1308, 5576, 'Froidfontaine', 1),
(1309, 5575, 'Bourseigne-Neuve', 1),
(1310, 5575, 'Bourseigne-Vieille', 1),
(1311, 5575, 'Gedinne', 1),
(1312, 5575, 'Houdremont', 1),
(1313, 5575, 'Louette-Saint-Denis', 1),
(1314, 5575, 'Louette-Saint-Pierre', 1),
(1315, 5575, 'Malvoisin', 1),
(1316, 5575, 'Patignies', 1),
(1317, 5575, 'Rienne', 1),
(1318, 5575, 'Sart-Custinne', 1),
(1319, 5575, 'Vencimont', 1),
(1320, 5575, 'Willerzie', 1),
(1321, 5580, 'Ave-et-Auffe', 1),
(1322, 5580, 'Buissonville', 1),
(1323, 5580, 'Eprave', 1),
(1324, 5580, 'Han-sur-Lesse', 1),
(1325, 5580, 'Jemelle', 1),
(1326, 5580, 'Lavaux-Sainte-Anne', 1),
(1327, 5580, 'Lessive', 1),
(1328, 5580, 'Mont-Gauthier', 1),
(1329, 5580, 'Rochefort', 1),
(1330, 5580, 'Villers-sur-Lesse', 1),
(1331, 5580, 'Wavreille', 1),
(1332, 5590, 'Achêne', 1),
(1333, 5590, 'Braibant', 1),
(1334, 5590, 'Chevetogne', 1),
(1335, 5590, 'Ciney', 1),
(1336, 5590, 'Conneux', 1),
(1337, 5590, 'Haversin', 1),
(1338, 5590, 'Leignon', 1),
(1339, 5590, 'Pessoux', 1),
(1340, 5590, 'Serinchamps', 1),
(1341, 5590, 'Sovet', 1),
(1342, 5600, 'Fagnolle', 1),
(1343, 5600, 'Franchimont', 1),
(1344, 5600, 'Jamagne', 1),
(1345, 5600, 'Jamiolle', 1),
(1346, 5600, 'Merlemont', 1),
(1347, 5600, 'Neuville (Philippeville)', 1),
(1348, 5600, 'Omezée', 1),
(1349, 5600, 'Philippeville', 1),
(1350, 5600, 'Roly', 1),
(1351, 5600, 'Romedenne', 1),
(1352, 5600, 'Samart', 1),
(1353, 5600, 'Sart-en-Fagne', 1),
(1354, 5600, 'Sautour', 1),
(1355, 5600, 'Surice', 1),
(1356, 5600, 'Villers-en-Fagne', 1),
(1357, 5600, 'Villers-le-Gambon', 1),
(1358, 5600, 'Vodecée', 1),
(1359, 5620, 'Corenne', 1),
(1360, 5620, 'Flavion', 1),
(1361, 5620, 'Florennes', 1),
(1362, 5620, 'Hemptinne-lez-Florennes', 1),
(1363, 5620, 'Morville', 1),
(1364, 5620, 'Rosée', 1),
(1365, 5620, 'Saint-Aubin', 1),
(1366, 5621, 'Hanzinelle', 1),
(1367, 5621, 'Hanzinne', 1),
(1368, 5621, 'Morialmé', 1),
(1369, 5621, 'Thy-le-Bauduin', 1),
(1370, 5630, 'Cerfontaine', 1),
(1371, 5630, 'Daussois', 1),
(1372, 5630, 'Senzeille', 1),
(1373, 5630, 'Silenrieux', 1),
(1374, 5630, 'Soumoy', 1),
(1375, 5630, 'Villers-Deux-Eglises', 1),
(1376, 5640, 'Biesme', 1),
(1377, 5640, 'Biesmerée', 1),
(1378, 5640, 'Graux', 1),
(1379, 5640, 'Mettet', 1),
(1380, 5640, 'Oret', 1),
(1381, 5640, 'Saint-Gérard', 1),
(1382, 5641, 'Furnaux', 1),
(1383, 5644, 'Ermeton-sur-Biert', 1),
(1384, 5646, 'Stave', 1),
(1385, 5650, 'Castillon', 1),
(1386, 5650, 'Chastrès', 1),
(1387, 5650, 'Clermont (Nam.)', 1),
(1388, 5650, 'Fontenelle', 1),
(1389, 5650, 'Fraire', 1),
(1390, 5650, 'Pry', 1),
(1391, 5650, 'Vogenée', 1),
(1392, 5650, 'Walcourt', 1),
(1393, 5650, 'Yves-Gomezée', 1),
(1394, 5651, 'Berzée', 1),
(1395, 5651, 'Gourdinne', 1),
(1396, 5651, 'Laneffe', 1),
(1397, 5651, 'Rognée', 1),
(1398, 5651, 'Somzée', 1),
(1399, 5651, 'Tarcienne', 1),
(1400, 5651, 'Thy-le-Château', 1),
(1401, 5660, 'Aublain', 1),
(1402, 5660, 'Boussu-en-Fagne', 1),
(1403, 5660, 'Brûly', 1),
(1404, 5660, 'Brûly-de-Pesche', 1),
(1405, 5660, 'Couvin', 1),
(1406, 5660, 'Cul-des-Sarts', 1),
(1407, 5660, 'Dailly', 1),
(1408, 5660, 'Frasnes (Nam.)', 1),
(1409, 5660, 'Gonrieux', 1),
(1410, 5660, 'Mariembourg', 1),
(1411, 5660, 'Pesche', 1),
(1412, 5660, 'Petigny', 1),
(1413, 5660, 'Petite-Chapelle', 1),
(1414, 5660, 'Presgaux', 1),
(1415, 5670, 'Dourbes', 1),
(1416, 5670, 'Le Mesnil', 1),
(1417, 5670, 'Mazée', 1),
(1418, 5670, 'Nismes', 1),
(1419, 5670, 'Oignies-en-Thiérache', 1),
(1420, 5670, 'Olloy-sur-Viroin', 1),
(1421, 5670, 'Treignes', 1),
(1422, 5670, 'Vierves-sur-Viroin', 1),
(1423, 5670, 'Viroinval', 1),
(1424, 5680, 'Doische', 1),
(1425, 5680, 'Gimnée', 1),
(1426, 5680, 'Gochenée', 1),
(1427, 5680, 'Matagne-la-Grande', 1),
(1428, 5680, 'Matagne-la-Petite', 1),
(1429, 5680, 'Niverlée', 1),
(1430, 5680, 'Romerée', 1),
(1431, 5680, 'Soulme', 1),
(1432, 5680, 'Vaucelles', 1),
(1433, 5680, 'Vodelée', 1),
(1434, 6000, 'Charleroi', 1),
(1435, 6001, 'Marcinelle', 1),
(1436, 6010, 'Couillet', 1);

--
-- Constraints for dumped tables
--

--
-- Constraints for table `client`
--
ALTER TABLE `client`
  ADD CONSTRAINT `FK_idVille` FOREIGN KEY (`idVille`) REFERENCES `ville` (`id`);

--
-- Constraints for table `facture`
--
ALTER TABLE `facture`
  ADD CONSTRAINT `FK_idClient` FOREIGN KEY (`idClient`) REFERENCES `client` (`id`),
  ADD CONSTRAINT `FK_idEntreprise` FOREIGN KEY (`idEntreprise`) REFERENCES `client` (`id`),
  ADD CONSTRAINT `FK_idUtilisateur` FOREIGN KEY (`idUtilisateur`) REFERENCES `utilisateurs` (`id`);

--
-- Constraints for table `ligne_facture`
--
ALTER TABLE `ligne_facture`
  ADD CONSTRAINT `FK_idFacture` FOREIGN KEY (`idFacture`) REFERENCES `facture` (`id`),
  ADD CONSTRAINT `FK_idMedicamentConcentration` FOREIGN KEY (`idMedicamentConcentration`) REFERENCES `medicament_concentration` (`id`);

--
-- Constraints for table `lot`
--
ALTER TABLE `lot`
  ADD CONSTRAINT `FK-MedicamentConcentration` FOREIGN KEY (`idMedicamentConcentration`) REFERENCES `medicament_concentration` (`id`);

--
-- Constraints for table `medicament_concentration`
--
ALTER TABLE `medicament_concentration`
  ADD CONSTRAINT `FK_idConcentration` FOREIGN KEY (`idConcentration`) REFERENCES `concentration` (`id`),
  ADD CONSTRAINT `FK_idConditionnement` FOREIGN KEY (`idConditionnement`) REFERENCES `conditionnement` (`id`),
  ADD CONSTRAINT `FK_idForme` FOREIGN KEY (`idForme`) REFERENCES `forme` (`id`),
  ADD CONSTRAINT `FK_idMedicament` FOREIGN KEY (`idMedicament`) REFERENCES `medicament` (`id`);

--
-- Constraints for table `ville`
--
ALTER TABLE `ville`
  ADD CONSTRAINT `FK_idPays` FOREIGN KEY (`idPays`) REFERENCES `pays` (`id`);
COMMIT;

/*!40101 SET CHARACTER_SET_CLIENT=@OLD_CHARACTER_SET_CLIENT */;
/*!40101 SET CHARACTER_SET_RESULTS=@OLD_CHARACTER_SET_RESULTS */;
/*!40101 SET COLLATION_CONNECTION=@OLD_COLLATION_CONNECTION */;
